{
  "project_info": {
    "project_number": "317824961072",
    "firebase_url": "https://budgetright-3e392.firebaseio.com",
    "project_id": "budgetright-3e392",
    "storage_bucket": "budgetright-3e392.appspot.com"
  },
  "client": [
    {
      "client_info": {
        "mobilesdk_app_id": "1:317824961072:android:ae5af780db76adb4",
        "android_client_info": {
          "package_name": "com.example.bpear.budgetright"
        }
      },
      "oauth_client": [
        {
          "client_id": "317824961072-cuihbhjsvdjrb5i96djbbipd4n1e1p92.apps.googleusercontent.com",
          "client_type": 1,
          "android_info": {
            "package_name": "com.example.bpear.budgetright",
            "certificate_hash": "3f28d472e1e77e4e0e4098fe682bb0c5a6322c88"
          }
        },
        {
          "client_id": "317824961072-8io1vk5c7mc2t167964eo108ti5oq1j0.apps.googleusercontent.com",
          "client_type": 3
        }
      ],
      "api_key": [
        {
          "current_key": "AIzaSyB98yEANFnH6cVgmAbH50_TcYHrowoZLHU"
        }
      ],
      "services": {
        "analytics_service": {
          "status": 1
        },
        "appinvite_service": {
          "status": 2,
          "other_platform_oauth_client": [
            {
              "client_id": "317824961072-8io1vk5c7mc2t167964eo108ti5oq1j0.apps.googleusercontent.com",
              "client_type": 3
            }
          ]
        },
        "ads_service": {
          "status": 2
        }
      }
    }
  ],
  "configuration_version": "1"
}